id,user_id,review_id,value,time
1,6,71,1,2022-07-07
2,16,330,1,2023-02-19
3,8,227,-1,2023-01-20
4,27,567,1,2023-05-14
5,29,897,-1,2022-09-21
6,20,256,1,2023-04-26
7,43,293,1,2023-03-10
8,13,985,-1,2022-10-03
9,40,866,1,2022-09-21
10,37,902,-1,2022-08-14
11,8,346,1,2022-07-29
12,14,403,-1,2022-10-08
13,11,599,-1,2022-10-06
14,13,732,-1,2023-01-26
15,6,615,-1,2023-04-23
16,5,492,-1,2023-01-07
17,3,334,-1,2023-03-13
18,5,745,-1,2022-09-28
19,5,478,-1,2023-04-22
20,25,193,1,2023-04-12
21,27,119,-1,2023-03-18
22,49,445,-1,2023-01-23
23,6,694,1,2022-06-16
24,24,423,-1,2022-08-23
25,3,379,-1,2022-07-26
26,20,488,-1,2022-05-30
27,21,115,1,2023-01-18
28,13,664,1,2022-07-19
29,30,797,1,2023-04-05
30,34,550,1,2022-06-06
31,44,891,1,2022-09-11
32,18,718,-1,2023-02-21
33,50,745,-1,2022-07-13
34,44,109,1,2023-04-28
35,22,754,-1,2023-03-21
36,17,137,1,2022-07-20
37,17,308,1,2022-11-27
38,22,193,1,2023-04-17
39,49,753,-1,2022-08-11
40,45,401,1,2022-07-21
41,35,877,1,2022-05-24
42,17,350,1,2023-01-07
43,48,394,1,2022-09-28
44,46,792,1,2022-09-10
45,45,568,1,2022-07-25
46,18,382,1,2022-07-28
47,19,234,-1,2022-10-19
48,12,982,-1,2022-07-21
49,6,753,1,2023-03-14
50,22,202,-1,2023-02-18
51,39,118,-1,2022-06-14
52,13,514,-1,2023-05-17
53,18,472,-1,2023-03-31
54,7,75,1,2023-03-06
55,6,49,1,2023-04-07
56,2,153,1,2022-09-25
57,12,909,-1,2022-08-20
58,44,379,-1,2023-03-20
59,33,863,1,2022-11-25
60,31,939,-1,2023-04-21
61,11,284,-1,2022-06-16
62,2,183,1,2022-11-30
63,24,308,-1,2022-12-22
64,17,755,-1,2022-09-16
65,1,412,1,2022-09-14
66,15,725,-1,2023-04-29
67,26,218,1,2023-03-10
68,26,619,-1,2022-09-07
69,8,529,-1,2022-12-16
70,30,906,-1,2022-09-25
71,20,163,-1,2022-12-21
72,31,262,-1,2022-08-20
73,38,183,-1,2022-12-11
74,9,739,1,2022-08-28
75,6,905,1,2023-04-30
76,6,97,-1,2023-04-30
77,45,122,1,2023-04-25
78,5,971,1,2022-08-09
79,1,891,-1,2022-08-22
80,41,779,-1,2022-06-24
81,33,205,-1,2022-12-24
82,25,299,1,2022-10-11
83,29,586,1,2023-03-01
84,36,249,1,2022-09-12
85,5,908,1,2022-09-11
86,49,154,1,2022-12-02
87,35,930,1,2023-04-03
88,9,918,-1,2022-10-15
89,1,728,1,2022-07-06
90,33,455,1,2023-03-05
91,11,515,-1,2023-01-28
92,28,219,1,2022-07-14
93,48,915,-1,2023-04-10
94,32,104,-1,2023-01-15
95,47,942,-1,2022-05-27
96,8,853,-1,2023-01-31
97,5,320,1,2022-06-17
98,11,476,-1,2022-06-14
99,20,585,-1,2022-10-16
100,25,412,1,2023-03-13
101,44,987,1,2023-02-02
102,37,542,1,2023-05-01
103,44,523,-1,2022-10-02
104,2,581,-1,2023-05-08
105,8,978,1,2022-12-28
106,4,698,-1,2022-08-09
107,16,979,-1,2023-04-13
108,21,545,1,2023-01-20
109,7,809,1,2022-12-16
110,41,306,1,2023-03-28
111,21,728,-1,2022-09-23
112,12,61,-1,2023-04-09
113,44,127,1,2022-11-07
114,48,604,-1,2022-05-24
115,23,979,1,2022-07-06
116,35,240,-1,2023-01-22
117,41,351,1,2023-04-25
118,15,205,1,2022-12-24
119,27,785,1,2023-03-10
120,38,757,1,2022-06-29
121,32,933,1,2022-12-16
122,18,750,-1,2023-01-09
123,30,44,-1,2022-10-26
124,25,415,1,2022-09-22
125,7,46,1,2022-09-15
126,46,495,-1,2023-02-18
127,49,280,-1,2023-03-31
128,32,332,1,2023-05-10
129,12,288,1,2022-08-07
130,13,379,1,2023-01-19
131,49,107,-1,2023-02-20
132,45,478,-1,2022-06-10
133,13,640,1,2023-04-11
134,35,920,1,2022-09-02
135,20,176,1,2022-12-01
136,19,47,1,2023-05-20
137,9,615,-1,2023-01-25
138,14,816,1,2022-08-09
139,48,47,-1,2023-05-17
140,33,252,-1,2022-12-14
141,4,692,-1,2022-09-20
142,49,410,1,2022-07-17
143,50,102,-1,2022-07-15
144,17,623,-1,2022-06-16
145,28,82,1,2023-04-01
146,8,761,1,2022-11-11
147,41,377,1,2023-01-09
148,37,381,-1,2022-12-24
149,37,1000,1,2022-07-12
150,3,824,1,2022-06-16
151,29,246,-1,2022-09-23
152,33,554,-1,2022-06-26
153,23,524,-1,2023-03-22
154,23,340,1,2022-07-31
155,36,772,-1,2022-07-26
156,43,695,1,2022-09-13
157,12,354,-1,2023-03-29
158,43,54,1,2023-03-29
159,18,743,1,2022-08-09
160,34,573,1,2023-03-15
161,50,116,-1,2022-10-25
162,37,417,-1,2022-07-29
163,27,274,-1,2023-02-14
164,29,902,1,2023-05-01
165,49,300,-1,2023-01-07
166,41,330,1,2022-08-08
167,24,383,-1,2023-02-04
168,47,518,-1,2023-05-03
169,18,306,-1,2022-10-06
170,33,197,1,2022-10-31
171,40,255,1,2023-05-14
172,29,180,-1,2022-11-25
173,32,251,1,2023-02-24
174,32,62,1,2022-07-06
175,15,534,-1,2022-09-11
176,39,750,-1,2022-08-25
177,14,429,-1,2023-01-16
178,6,28,-1,2023-02-04
179,25,853,-1,2023-01-14
180,21,640,-1,2022-08-30
181,20,445,-1,2023-02-20
182,38,980,1,2023-02-03
183,43,84,1,2022-08-07
184,9,488,1,2023-01-14
185,32,904,1,2023-01-17
186,13,756,1,2023-01-23
187,20,909,-1,2023-02-17
188,18,886,-1,2022-05-30
189,17,757,1,2022-09-17
190,26,923,-1,2023-03-01
191,7,434,1,2023-03-12
192,13,846,1,2023-01-31
193,26,622,-1,2023-01-27
194,14,209,-1,2022-10-21
195,6,221,-1,2023-04-06
196,25,450,-1,2022-06-29
197,12,622,1,2022-11-27
198,32,413,-1,2022-06-29
199,7,305,1,2022-06-17
200,1,782,-1,2023-01-02
201,42,260,-1,2022-08-26
202,49,997,1,2022-08-08
203,21,258,1,2022-11-07
204,45,343,-1,2023-04-08
205,50,892,-1,2022-09-27
206,39,866,-1,2023-04-14
207,38,738,-1,2023-04-01
208,37,133,-1,2023-04-27
209,50,905,1,2022-08-04
210,47,284,-1,2022-09-29
211,47,938,1,2023-01-12
212,42,587,1,2022-11-29
213,7,861,-1,2023-05-21
214,23,920,1,2022-08-22
215,1,58,-1,2022-12-02
216,4,957,1,2023-02-03
217,6,424,1,2023-05-14
218,6,319,1,2022-08-06
219,7,82,1,2022-08-11
220,18,409,-1,2023-02-03
221,48,67,1,2023-02-24
222,24,245,-1,2022-06-20
223,17,365,1,2022-06-12
224,12,704,1,2022-09-22
225,39,560,1,2022-09-21
226,19,293,1,2022-06-18
227,45,879,-1,2023-03-11
228,25,409,-1,2022-11-26
229,7,17,-1,2022-10-08
230,19,824,1,2022-06-05
231,50,868,-1,2022-10-24
232,27,841,-1,2022-12-23
233,15,441,-1,2022-09-06
234,41,894,-1,2023-05-07
235,28,801,1,2022-09-20
236,31,418,-1,2023-01-11
237,50,937,-1,2022-12-27
238,42,243,1,2022-08-25
239,35,883,-1,2023-03-05
240,7,257,-1,2023-01-08
241,13,543,-1,2023-02-25
242,25,152,-1,2023-01-31
243,22,381,-1,2023-01-16
244,20,528,1,2022-08-01
245,9,284,-1,2022-08-25
246,4,523,-1,2022-10-07
247,42,202,1,2022-06-17
248,2,250,-1,2023-03-03
249,32,534,1,2022-12-18
250,11,735,-1,2022-07-04
251,10,501,1,2023-01-03
252,30,526,1,2022-12-19
253,49,589,1,2022-08-24
254,31,307,1,2023-04-23
255,27,719,1,2023-03-26
256,6,892,1,2023-02-26
257,8,972,1,2023-05-16
258,3,48,-1,2022-10-11
259,39,214,1,2022-06-16
260,28,909,-1,2023-05-21
261,19,777,1,2023-02-18
262,46,230,1,2023-02-14
263,46,345,-1,2023-02-26
264,15,652,-1,2022-10-29
265,11,889,1,2023-05-14
266,12,385,1,2023-04-08
267,19,811,1,2022-07-18
268,9,366,1,2022-10-27
269,34,751,1,2023-02-07
270,2,733,1,2022-06-20
271,37,244,-1,2022-07-13
272,38,911,1,2023-03-21
273,17,272,1,2023-02-16
274,29,213,1,2022-12-02
275,50,967,1,2023-01-30
276,30,964,1,2022-09-22
277,8,596,-1,2023-01-22
278,3,839,-1,2022-10-07
279,38,244,1,2022-09-06
280,26,417,1,2023-05-08
281,2,75,-1,2022-06-25
282,39,977,1,2023-01-08
283,10,880,1,2023-01-15
284,4,499,1,2022-07-13
285,27,692,-1,2022-12-12
286,1,958,-1,2022-08-09
287,48,656,1,2022-12-06
288,6,162,1,2022-08-14
289,37,42,1,2023-01-20
290,18,640,-1,2022-11-10
291,13,414,-1,2023-02-23
292,6,61,1,2022-05-30
293,12,52,1,2022-10-28
294,14,370,-1,2022-11-05
295,43,753,-1,2023-04-02
296,11,729,-1,2023-04-12
297,17,427,-1,2022-08-03
298,17,512,-1,2023-03-20
299,30,965,1,2023-05-11
300,44,58,1,2023-01-28
301,23,834,1,2022-07-15
302,4,930,1,2022-09-11
303,26,227,1,2022-12-30
304,40,894,-1,2022-07-26
305,30,596,-1,2022-06-28
306,11,560,-1,2023-02-19
307,10,511,-1,2022-10-20
308,30,148,-1,2022-06-01
309,10,548,-1,2023-01-24
310,30,101,1,2023-01-31
311,28,172,1,2023-03-24
312,47,204,-1,2022-07-26
313,10,807,-1,2022-08-08
314,45,369,-1,2023-02-02
315,47,747,-1,2023-04-06
316,4,798,1,2022-10-26
317,27,934,1,2022-07-05
318,44,997,-1,2023-01-16
319,30,152,-1,2023-04-09
320,36,50,1,2023-01-21
321,34,785,1,2022-05-25
322,5,399,-1,2022-09-28
323,12,894,-1,2023-01-25
324,8,884,1,2023-01-16
325,11,881,-1,2022-10-25
326,33,385,-1,2022-09-24
327,19,904,1,2022-10-27
328,25,822,-1,2022-11-30
329,17,182,1,2023-01-07
330,3,536,-1,2023-02-18
331,7,869,1,2022-10-20
332,34,548,1,2022-06-26
333,15,627,1,2022-06-20
334,5,336,-1,2022-07-15
335,19,363,1,2023-01-11
336,16,585,1,2023-01-06
337,18,662,1,2023-05-05
338,45,938,-1,2022-10-06
339,49,586,-1,2023-04-28
340,8,811,1,2022-11-25
341,9,71,-1,2023-02-11
342,24,313,1,2022-11-13
343,47,352,-1,2023-03-11
344,18,784,1,2022-06-16
345,20,303,-1,2022-12-23
346,2,641,1,2023-01-14
347,33,968,-1,2022-10-24
348,18,380,-1,2022-12-02
349,3,176,-1,2022-07-28
350,11,804,-1,2022-12-15
351,39,693,1,2022-10-31
352,50,801,1,2023-01-07
353,34,473,-1,2023-03-10
354,28,182,1,2022-07-28
355,12,939,-1,2023-01-16
356,46,789,1,2023-05-20
357,13,850,-1,2023-01-20
358,29,519,-1,2022-11-08
359,11,358,-1,2022-06-20
360,46,853,-1,2023-05-04
361,35,56,1,2022-10-20
362,1,794,1,2023-03-15
363,9,432,-1,2022-10-30
364,39,755,1,2022-05-29
365,24,280,-1,2023-01-10
366,11,572,1,2022-10-16
367,27,113,1,2022-12-02
368,16,817,-1,2022-06-29
369,6,961,1,2023-04-12
370,12,687,1,2022-11-15
371,47,99,1,2022-07-01
372,33,963,1,2022-10-04
373,17,366,-1,2022-06-10
374,36,147,-1,2022-10-27
375,38,634,1,2023-02-25
376,42,322,1,2023-03-25
377,33,461,-1,2023-04-27
378,33,993,1,2022-10-09
379,44,983,-1,2022-09-13
380,20,870,-1,2022-11-12
381,34,301,1,2022-08-10
382,25,629,1,2022-06-19
383,42,193,-1,2023-01-19
384,21,843,-1,2023-01-05
385,26,207,-1,2022-05-24
386,12,494,-1,2023-01-09
387,26,460,1,2022-06-04
388,25,797,1,2023-02-11
389,25,782,-1,2022-12-10
390,28,116,-1,2022-07-17
391,6,284,-1,2022-11-16
392,33,131,-1,2022-09-20
393,14,56,-1,2022-09-09
394,37,134,-1,2023-01-22
395,34,125,1,2022-07-25
396,39,447,-1,2022-07-09
397,18,288,1,2022-07-13
398,28,156,1,2022-09-25
399,37,783,-1,2022-09-18
400,37,361,1,2022-07-09
401,23,30,1,2022-07-04
402,28,671,1,2023-02-23
403,43,742,-1,2023-04-22
404,18,761,-1,2022-11-22
405,42,36,-1,2023-04-25
406,2,542,-1,2022-12-21
407,17,902,-1,2022-07-24
408,32,41,1,2022-08-09
409,19,688,1,2022-06-10
410,6,730,1,2022-12-27
411,9,751,-1,2023-04-26
412,4,248,1,2022-11-02
413,16,513,1,2023-03-10
414,1,800,-1,2023-02-17
415,49,264,-1,2023-05-10
416,2,129,-1,2023-04-07
417,13,52,1,2022-07-20
418,2,111,1,2023-04-20
419,11,304,-1,2022-09-20
420,50,771,-1,2022-11-11
421,26,358,-1,2022-06-14
422,28,135,1,2022-11-30
423,41,130,1,2023-04-05
424,5,829,1,2023-04-18
425,34,341,-1,2023-02-10
426,44,257,-1,2022-06-16
427,15,428,-1,2022-06-23
428,46,634,-1,2022-06-26
429,36,143,-1,2022-09-15
430,1,973,1,2023-01-02
431,7,837,1,2022-12-27
432,3,103,-1,2022-09-08
433,23,666,-1,2023-03-25
434,43,338,1,2022-09-09
435,25,707,1,2022-12-09
436,39,478,1,2023-02-13
437,39,746,1,2022-06-15
438,26,533,-1,2022-09-18
439,50,12,1,2022-12-25
440,41,777,1,2022-06-04
441,32,257,-1,2023-01-08
442,42,13,-1,2022-05-24
443,50,83,1,2023-04-17
444,31,133,1,2023-05-15
445,20,342,1,2023-03-14
446,45,51,1,2022-08-25
447,35,602,1,2023-02-10
448,5,370,1,2022-09-20
449,8,104,1,2022-08-05
450,17,873,-1,2022-08-04
451,7,635,-1,2022-09-03
452,1,909,-1,2022-07-04
453,18,325,1,2022-09-09
454,45,50,-1,2022-10-23
455,50,642,1,2022-08-28
456,41,479,-1,2022-10-11
457,11,619,1,2022-09-14
458,38,46,1,2022-07-22
459,24,644,-1,2023-03-15
460,33,788,1,2022-12-13
461,24,494,1,2023-04-08
462,39,623,-1,2022-12-10
463,18,14,-1,2023-01-05
464,3,31,-1,2023-05-14
465,25,582,1,2023-01-30
466,29,939,-1,2022-12-11
467,36,833,-1,2023-03-06
468,21,80,1,2023-02-10
469,6,764,-1,2022-08-19
470,41,174,1,2022-10-27
471,9,166,-1,2022-08-19
472,29,924,1,2022-12-29
473,42,279,1,2022-07-10
474,9,867,-1,2023-03-20
475,23,971,1,2022-10-10
476,28,465,-1,2022-10-20
477,42,317,-1,2022-09-22
478,14,831,1,2022-08-14
479,17,278,-1,2023-02-12
480,14,850,-1,2023-01-13
481,30,883,-1,2023-02-02
482,13,482,-1,2022-11-03
483,18,187,-1,2023-04-28
484,33,908,1,2022-10-02
485,31,702,1,2022-12-04
486,22,979,1,2022-07-04
487,28,482,1,2022-07-08
488,5,266,1,2022-12-12
489,28,316,-1,2022-12-18
490,11,718,1,2022-11-01
491,38,155,1,2023-02-26
492,17,403,1,2022-11-27
493,27,419,-1,2023-01-12
494,26,539,1,2023-05-10
495,44,280,1,2022-07-16
496,24,364,1,2022-12-15
497,23,163,-1,2022-10-12
498,20,341,-1,2023-01-12
499,40,351,-1,2022-11-29
500,49,731,-1,2022-11-20
501,40,344,1,2022-11-17
502,6,784,-1,2022-11-03
503,27,347,1,2023-03-26
504,20,385,-1,2022-07-17
505,43,572,-1,2022-08-31
506,49,725,-1,2023-05-18
507,13,356,-1,2022-09-17
508,50,907,-1,2023-03-12
509,4,201,1,2023-03-28
510,17,99,1,2022-12-07
511,16,310,1,2023-03-06
512,18,563,-1,2022-06-07
513,39,289,1,2023-03-23
514,45,161,1,2022-12-10
515,14,238,-1,2022-10-28
516,42,760,1,2022-10-13
517,34,827,1,2023-01-01
518,29,96,1,2022-08-16
519,24,294,1,2023-04-29
520,25,273,-1,2022-08-25
521,9,172,-1,2023-03-26
522,40,487,1,2022-12-24
523,11,115,-1,2022-12-16
524,16,226,1,2022-12-09
525,47,890,-1,2023-04-19
526,26,534,-1,2022-10-17
527,29,367,-1,2022-08-31
528,37,864,-1,2023-03-19
529,13,123,1,2022-09-09
530,49,303,1,2022-06-07
531,39,928,-1,2023-01-22
532,47,963,-1,2022-06-19
533,5,442,1,2022-12-07
534,49,998,1,2023-05-17
535,49,352,-1,2022-12-23
536,24,183,1,2023-01-17
537,24,693,-1,2022-08-08
538,50,992,1,2023-01-30
539,33,114,1,2023-04-18
540,2,637,-1,2022-10-10
541,44,271,1,2022-06-27
542,19,57,-1,2023-02-13
543,32,894,1,2022-06-04
544,49,199,1,2022-11-16
545,28,607,-1,2022-10-13
546,21,207,-1,2022-09-01
547,25,588,-1,2023-02-14
548,42,469,1,2023-02-10
549,33,396,1,2022-08-04
550,28,923,-1,2023-03-11
551,21,214,-1,2022-07-03
552,44,221,1,2023-01-26
553,45,155,1,2022-10-01
554,22,740,1,2022-08-13
555,15,233,1,2023-03-21
556,36,1,1,2022-06-25
557,32,262,-1,2023-01-10
558,43,715,-1,2022-12-15
559,13,740,-1,2022-09-18
560,31,560,1,2022-08-02
561,8,612,1,2023-04-05
562,32,688,1,2022-08-01
563,45,217,1,2022-08-10
564,16,501,1,2022-09-28
565,23,392,1,2022-10-02
566,41,769,-1,2022-07-26
567,43,1,1,2022-11-15
568,32,125,-1,2022-11-24
569,23,146,-1,2022-09-21
570,31,847,1,2022-05-28
571,13,755,1,2023-01-31
572,27,848,1,2023-02-27
573,2,41,1,2022-06-02
574,12,462,1,2022-06-04
575,33,627,1,2022-08-01
576,35,323,1,2022-08-15
577,44,705,-1,2022-12-16
578,24,583,1,2022-06-15
579,20,447,-1,2023-02-28
580,23,552,1,2022-09-13
581,47,953,1,2022-07-08
582,15,347,-1,2022-08-30
583,48,296,1,2023-05-08
584,21,376,-1,2022-07-12
585,10,867,1,2022-06-23
586,25,388,-1,2023-03-31
587,30,40,-1,2022-12-12
588,38,48,1,2022-06-05
589,27,222,1,2023-03-09
590,27,767,1,2022-07-11
591,39,330,-1,2023-01-28
592,5,994,1,2023-01-31
593,12,9,1,2022-05-29
594,44,921,-1,2022-11-10
595,21,420,-1,2023-05-11
596,16,545,1,2022-10-01
597,39,951,-1,2022-09-22
598,41,840,1,2023-01-12
599,5,38,1,2022-12-02
600,3,284,-1,2022-09-16
601,37,509,-1,2023-03-13
602,38,800,1,2023-02-11
603,43,362,-1,2022-08-18
604,50,820,1,2022-11-11
605,44,733,1,2023-01-12
606,23,935,1,2022-06-29
607,12,463,-1,2022-07-16
608,16,754,-1,2022-10-12
609,6,409,-1,2023-02-04
610,15,666,-1,2023-01-17
611,28,72,-1,2023-05-17
612,30,350,1,2022-11-14
613,33,134,-1,2022-09-23
614,2,577,-1,2023-02-17
615,11,259,-1,2022-12-10
616,27,332,1,2023-03-04
617,16,898,1,2022-10-18
618,33,285,-1,2023-05-11
619,44,195,1,2022-08-22
620,5,753,1,2022-09-15
621,45,555,1,2022-12-04
622,30,413,1,2022-10-06
623,9,475,-1,2023-01-10
624,15,60,1,2022-08-27
625,40,418,1,2022-09-23
626,37,94,-1,2023-01-27
627,25,698,1,2023-03-18
628,29,55,-1,2023-04-19
629,17,579,-1,2023-05-20
630,48,512,-1,2022-07-25
631,20,940,1,2023-02-17
632,37,606,1,2023-02-11
633,12,838,-1,2022-09-14
634,40,346,1,2022-08-15
635,26,959,1,2023-01-12
636,18,223,1,2023-04-05
637,3,987,1,2023-04-02
638,5,2,-1,2023-02-02
639,48,850,1,2022-07-03
640,3,686,1,2023-05-06
641,22,758,1,2023-03-25
642,31,168,1,2023-01-08
643,48,351,-1,2022-10-09
644,41,275,1,2022-07-06
645,40,126,-1,2023-03-29
646,35,40,1,2022-08-25
647,41,295,-1,2022-07-14
648,29,515,1,2022-11-19
649,46,109,-1,2023-04-16
650,23,298,-1,2023-01-10
651,25,915,-1,2022-07-19
652,27,401,-1,2023-04-18
653,32,575,-1,2022-08-01
654,31,78,-1,2023-04-21
655,17,894,-1,2022-12-01
656,7,336,1,2023-04-24
657,9,738,1,2023-04-07
658,39,82,1,2022-11-08
659,4,720,-1,2022-12-05
660,21,800,1,2022-11-28
661,35,846,-1,2022-08-24
662,20,522,1,2022-11-06
663,45,380,-1,2023-03-25
664,48,649,-1,2022-10-28
665,28,647,-1,2023-04-13
666,7,349,1,2023-05-02
667,44,199,-1,2023-02-07
668,44,183,1,2022-10-05
669,9,11,1,2022-08-07
670,16,794,-1,2022-07-19
671,6,478,1,2022-07-04
672,27,169,1,2022-11-19
673,41,726,1,2022-05-30
674,49,477,1,2023-02-22
675,35,301,1,2022-06-10
676,50,782,1,2022-08-02
677,34,504,-1,2022-06-28
678,48,756,-1,2022-08-21
679,9,904,1,2022-11-27
680,3,28,1,2022-08-03
681,30,199,-1,2023-02-04
682,30,91,1,2023-05-19
683,5,469,-1,2022-11-13
684,2,299,1,2023-05-03
685,24,607,-1,2023-02-01
686,22,572,1,2022-12-05
687,13,182,-1,2023-04-12
688,4,77,-1,2023-03-19
689,20,880,1,2022-06-27
690,48,269,-1,2022-07-03
691,21,568,1,2022-12-09
692,30,973,1,2023-02-28
693,19,988,-1,2022-06-22
694,42,288,1,2022-06-30
695,44,406,1,2022-06-09
696,3,926,-1,2023-05-18
697,25,745,1,2022-08-01
698,29,429,1,2022-05-30
699,2,766,-1,2022-10-19
700,34,898,-1,2022-10-05
701,5,110,-1,2023-01-06
702,19,591,1,2022-07-28
703,37,840,1,2023-04-30
704,26,769,1,2022-07-23
705,44,554,1,2023-03-23
706,26,638,1,2023-03-02
707,10,191,-1,2022-08-15
708,18,81,1,2022-08-26
709,25,295,-1,2022-12-01
710,22,944,1,2022-12-19
711,24,202,1,2023-03-22
712,9,26,1,2023-01-22
713,19,126,-1,2023-03-17
714,3,305,1,2022-09-03
715,43,870,1,2023-03-18
716,48,39,1,2022-09-13
717,43,992,1,2022-09-18
718,45,71,-1,2023-04-20
719,7,706,-1,2022-12-31
720,50,928,-1,2023-02-16
721,6,345,1,2023-01-06
722,8,822,-1,2022-06-04
723,14,23,-1,2023-04-22
724,19,549,-1,2023-03-01
725,39,530,-1,2023-05-10
726,1,934,-1,2022-12-30
727,42,406,-1,2023-02-24
728,38,782,1,2022-08-15
729,40,583,-1,2023-01-17
730,47,503,1,2023-01-28
731,49,648,-1,2022-07-08
732,37,467,-1,2022-11-27
733,13,945,-1,2022-08-01
734,2,668,1,2023-05-06
735,19,442,-1,2023-03-12
736,15,391,1,2022-08-11
737,9,414,-1,2022-09-10
738,19,512,-1,2022-09-27
739,18,333,-1,2023-04-18
740,7,521,1,2022-10-11
741,36,157,-1,2022-09-30
742,4,311,1,2022-08-11
743,47,59,1,2022-06-05
744,41,29,-1,2022-10-21
745,30,169,1,2022-11-15
746,11,988,-1,2022-08-04
747,28,215,1,2023-02-26
748,10,53,1,2022-06-07
749,44,753,1,2022-09-03
750,34,767,1,2022-12-28
751,34,58,1,2023-04-23
752,42,381,1,2022-12-05
753,44,501,-1,2022-05-24
754,16,151,-1,2023-03-11
755,34,610,1,2022-11-02
756,45,608,1,2023-05-04
757,49,334,-1,2023-02-14
758,13,373,1,2022-06-04
759,47,144,-1,2022-07-16
760,33,463,-1,2022-09-07
761,4,27,1,2023-04-11
762,39,126,1,2023-05-03
763,28,740,-1,2022-07-24
764,17,580,1,2022-10-20
765,25,491,1,2023-04-17
766,15,759,1,2022-05-26
767,42,72,1,2022-12-24
768,8,29,1,2023-04-06
769,43,544,1,2023-05-11
770,26,927,1,2022-06-20
771,48,644,1,2022-06-24
772,12,787,-1,2023-04-07
773,46,681,1,2023-05-09
774,19,932,-1,2022-08-30
775,29,758,-1,2022-06-03
776,7,98,1,2022-06-07
777,2,698,1,2022-07-20
778,38,403,1,2023-04-15
779,37,342,1,2023-01-12
780,10,504,1,2022-05-22
781,42,422,-1,2022-07-22
782,15,268,-1,2022-07-27
783,20,746,1,2022-10-03
784,50,687,-1,2022-10-14
785,10,642,1,2022-05-26
786,5,680,1,2022-11-06
787,13,136,1,2022-06-20
788,43,311,1,2022-10-18
789,19,522,-1,2022-06-19
790,36,495,1,2022-09-11
791,13,105,-1,2022-07-12
792,45,923,-1,2022-10-17
793,6,372,1,2022-12-11
794,20,43,-1,2023-03-11
795,4,619,-1,2022-10-07
796,38,665,-1,2023-04-23
797,4,372,-1,2022-09-14
798,9,763,-1,2022-08-24
799,35,753,1,2022-10-20
800,50,519,1,2023-04-29
801,20,449,-1,2022-12-08
802,50,361,1,2023-01-31
803,11,568,1,2022-06-05
804,34,156,1,2022-06-21
805,42,463,-1,2023-02-27
806,35,683,-1,2023-05-10
807,26,734,1,2023-04-17
808,6,872,1,2022-09-22
809,33,240,-1,2023-01-19
810,24,867,1,2023-04-09
811,8,225,1,2022-10-17
812,18,525,1,2022-05-24
813,12,950,-1,2023-03-12
814,8,71,-1,2023-02-17
815,7,651,-1,2022-10-19
816,20,202,1,2023-04-16
817,39,788,-1,2022-11-09
818,24,673,1,2023-04-25
819,3,473,-1,2023-03-05
820,13,843,1,2022-09-13
821,50,442,1,2023-05-03
822,7,965,-1,2022-09-16
823,5,141,1,2022-07-21
824,45,201,-1,2022-12-15
825,19,239,1,2022-10-14
826,1,452,-1,2022-08-10
827,47,66,1,2022-09-08
828,38,770,-1,2023-03-31
829,29,44,1,2022-09-20
830,31,862,1,2022-06-01
831,27,237,1,2023-04-28
832,26,254,1,2022-08-29
833,44,996,1,2022-06-04
834,1,686,1,2023-03-13
835,33,381,-1,2022-09-13
836,2,176,-1,2022-05-30
837,1,357,1,2023-01-01
838,38,905,-1,2022-07-05
839,36,861,-1,2023-04-11
840,27,394,1,2023-04-13
841,18,440,-1,2023-01-15
842,33,217,1,2023-04-02
843,16,529,-1,2022-10-12
844,31,636,1,2023-01-29
845,13,411,-1,2022-08-23
846,37,145,-1,2022-12-20
847,49,51,-1,2022-07-14
848,44,988,1,2022-08-03
849,46,20,1,2023-02-02
850,2,116,-1,2022-06-09
851,23,420,1,2022-09-13
852,43,663,-1,2023-05-14
853,3,845,1,2023-04-04
854,3,669,-1,2023-01-12
855,18,225,-1,2022-06-10
856,38,88,1,2022-11-20
857,21,530,1,2022-12-12
858,3,84,1,2022-06-26
859,17,605,1,2022-07-17
860,26,364,1,2023-05-06
861,13,390,1,2022-06-30
862,46,462,1,2023-05-07
863,9,717,-1,2022-11-02
864,48,88,-1,2022-11-27
865,17,571,-1,2022-12-23
866,24,331,1,2023-04-18
867,33,794,1,2023-01-12
868,49,325,-1,2023-02-24
869,43,415,1,2023-03-11
870,43,770,-1,2022-12-16
871,40,588,1,2022-06-04
872,42,54,-1,2022-06-08
873,37,232,1,2023-01-23
874,9,777,-1,2022-10-28
875,37,267,-1,2022-09-11
876,15,421,1,2023-03-05
877,25,467,-1,2022-10-21
878,11,217,-1,2022-06-26
879,14,312,-1,2023-01-14
880,13,433,-1,2022-06-19
881,50,714,1,2022-07-12
882,9,648,1,2023-02-15
883,14,536,1,2022-09-14
884,21,375,1,2022-10-11
885,42,328,-1,2023-01-08
886,7,384,1,2023-04-12
887,49,36,-1,2023-04-13
888,43,175,-1,2022-07-07
889,34,724,1,2022-07-16
890,11,787,-1,2022-11-17
891,44,178,-1,2022-11-11
892,47,365,-1,2022-07-28
893,17,328,1,2022-06-04
894,28,261,1,2022-09-26
895,17,951,1,2022-12-13
896,1,663,-1,2023-03-15
897,11,589,1,2022-08-13
898,50,392,-1,2022-12-20
899,50,787,1,2022-07-05
900,18,696,1,2023-05-11
901,2,200,1,2022-09-10
902,40,642,-1,2022-10-21
903,27,487,1,2022-07-28
904,29,998,-1,2022-07-01
905,27,1000,-1,2022-07-23
906,14,785,-1,2023-04-06
907,14,857,1,2022-11-26
908,8,255,-1,2023-04-19
909,17,449,1,2023-03-05
910,50,572,1,2022-12-18
911,9,76,-1,2022-08-31
912,25,166,-1,2023-05-14
913,19,127,-1,2022-06-21
914,11,110,1,2023-04-28
915,50,856,1,2023-04-03
916,50,983,-1,2022-07-31
917,19,151,-1,2022-12-16
918,2,674,-1,2022-12-27
919,1,993,-1,2022-08-16
920,1,702,1,2022-12-28
921,38,918,-1,2023-03-08
922,3,300,-1,2022-08-27
923,46,783,1,2022-12-04
924,4,185,1,2023-01-01
925,9,2,-1,2023-01-09
926,39,793,-1,2022-09-06
927,10,220,1,2022-10-18
928,14,636,1,2022-05-29
929,11,182,1,2023-02-22
930,28,298,-1,2022-09-14
931,33,893,-1,2023-02-07
932,25,172,-1,2022-07-31
933,46,691,1,2023-01-02
934,19,937,-1,2022-09-03
935,29,936,1,2023-04-15
936,14,357,1,2022-10-28
937,20,83,-1,2022-07-23
938,9,798,-1,2023-05-04
939,29,72,1,2022-06-28
940,24,816,-1,2022-06-17
941,42,304,1,2022-09-13
942,36,442,1,2022-10-28
943,49,763,1,2022-08-02
944,1,399,1,2022-11-12
945,21,268,1,2022-12-04
946,33,473,1,2022-06-07
947,43,275,1,2022-08-14
948,38,365,1,2022-12-16
949,50,291,1,2022-12-01
950,18,848,1,2022-08-21
951,24,451,-1,2022-06-05
952,9,970,1,2023-03-02
953,31,368,1,2022-12-31
954,21,424,-1,2022-11-09
955,21,925,-1,2023-02-17
956,41,654,1,2022-08-02
957,39,269,-1,2022-10-20
958,47,441,1,2023-04-16
959,6,537,-1,2022-11-26
960,8,916,1,2023-04-10
961,28,456,-1,2022-12-18
962,49,588,-1,2023-03-06
963,24,122,-1,2023-04-10
964,5,791,-1,2022-12-01
965,15,719,-1,2023-03-05
966,47,526,1,2022-06-15
967,18,556,1,2022-06-19
968,50,819,1,2022-12-31
969,27,769,1,2023-02-26
970,15,995,-1,2022-08-05
971,26,907,-1,2023-03-21
972,14,584,1,2023-04-09
973,35,9,-1,2022-10-22
974,38,68,1,2023-05-04
975,48,611,1,2022-07-28
976,46,231,-1,2023-02-09
977,32,825,-1,2023-03-20
978,42,584,1,2023-05-08
979,20,919,1,2022-10-26
980,46,51,-1,2023-03-16
981,44,547,1,2022-12-06
982,34,415,-1,2022-07-31
983,11,548,-1,2023-01-28
984,42,281,-1,2022-08-05
985,24,362,1,2023-01-11
986,41,794,-1,2023-01-14
987,12,397,1,2023-03-23
988,34,325,-1,2023-04-15
989,15,201,1,2023-04-28
990,32,3,1,2023-04-29
991,48,401,-1,2022-10-09
992,8,254,-1,2022-11-01
993,20,42,-1,2023-02-17
994,12,928,-1,2022-10-06
995,4,966,1,2023-01-31
996,9,1000,-1,2022-10-16
997,48,657,1,2023-04-03
998,23,984,1,2023-04-08
999,20,754,1,2023-01-06
1000,20,47,1,2022-11-16