id,user_id,book_id,value,time
1,37,601,4,2022-08-24
2,42,948,1,2022-10-28
3,37,778,5,2022-12-05
4,43,990,1,2023-01-24
5,28,143,4,2022-09-18
6,24,930,4,2022-11-21
7,22,410,2,2022-09-07
8,35,944,5,2023-02-10
9,15,793,3,2022-07-24
10,28,592,3,2023-02-20
11,33,192,5,2023-05-03
12,16,118,4,2023-05-12
13,30,641,4,2022-11-11
14,12,351,5,2023-03-22
15,3,856,5,2022-12-20
16,20,876,2,2023-01-16
17,2,870,3,2023-02-03
18,32,177,5,2022-05-28
19,34,643,1,2023-04-17
20,10,76,4,2022-07-09
21,17,589,2,2022-10-29
22,43,220,2,2023-03-08
23,32,836,5,2023-03-18
24,37,426,4,2022-12-26
25,18,874,2,2022-07-15
26,49,14,2,2022-12-07
27,17,719,5,2022-05-23
28,22,238,3,2023-04-09
29,2,545,5,2022-10-26
30,18,190,1,2022-06-11
31,5,282,3,2023-05-04
32,2,28,3,2023-05-06
33,39,743,4,2022-07-09
34,1,577,5,2022-12-12
35,20,598,3,2022-09-21
36,20,95,2,2023-05-10
37,33,372,4,2022-10-01
38,32,674,2,2022-08-25
39,8,263,3,2022-10-16
40,37,146,1,2022-07-13
41,43,426,1,2022-09-20
42,40,737,3,2022-11-12
43,37,383,4,2023-03-26
44,26,7,1,2023-04-05
45,3,456,1,2023-01-18
46,12,549,5,2023-02-15
47,34,579,2,2022-06-09
48,25,304,1,2022-10-30
49,10,67,4,2022-07-18
50,25,895,4,2023-04-28
51,40,42,2,2022-10-14
52,20,861,1,2022-09-09
53,5,713,5,2022-10-03
54,16,937,5,2023-03-08
55,19,614,5,2023-01-28
56,18,969,4,2022-12-29
57,27,48,3,2023-01-09
58,39,860,1,2022-06-21
59,41,489,5,2023-02-06
60,11,837,2,2022-07-10
61,38,850,3,2023-02-27
62,36,805,5,2022-10-22
63,40,182,4,2022-07-20
64,9,671,1,2023-01-03
65,29,947,4,2022-06-23
66,48,622,4,2023-04-24
67,46,329,2,2022-08-25
68,17,23,3,2022-11-29
69,35,880,2,2023-01-28
70,20,208,3,2023-04-01
71,36,101,3,2023-05-10
72,47,343,2,2022-10-16
73,36,220,3,2022-12-15
74,16,842,3,2023-04-08
75,20,750,5,2023-01-12
76,31,604,2,2022-08-05
77,10,116,2,2023-01-30
78,4,503,1,2023-04-15
79,14,40,4,2022-12-22
80,24,316,4,2022-11-11
81,21,51,2,2022-11-26
82,40,952,1,2023-04-27
83,48,290,1,2023-02-12
84,49,290,4,2023-03-13
85,3,75,5,2022-05-22
86,45,695,5,2022-11-06
87,38,648,1,2023-02-22
88,34,48,4,2022-09-21
89,36,293,1,2023-03-31
90,22,624,3,2022-08-07
91,4,789,3,2022-10-11
92,38,97,2,2023-02-09
93,44,930,4,2022-09-24
94,16,649,1,2022-09-01
95,50,230,2,2023-01-01
96,28,100,5,2022-10-11
97,21,843,4,2022-06-29
98,25,400,2,2022-10-28
99,10,524,1,2022-06-15
100,24,84,5,2023-01-05
101,23,155,3,2022-09-29
102,15,551,5,2023-02-19
103,46,270,3,2022-12-21
104,49,881,3,2023-04-15
105,32,30,1,2022-07-29
106,42,698,1,2022-09-20
107,14,535,2,2023-04-02
108,12,290,4,2023-04-27
109,39,201,3,2023-05-04
110,24,763,3,2022-09-02
111,50,833,5,2022-07-18
112,13,597,1,2022-10-30
113,29,180,1,2022-10-08
114,46,930,4,2022-12-03
115,41,38,5,2022-12-28
116,27,198,2,2022-11-23
117,49,639,3,2022-09-25
118,40,218,4,2022-11-03
119,37,603,5,2022-11-11
120,5,33,5,2023-03-01
121,15,850,2,2022-09-24
122,9,464,5,2022-09-12
123,5,572,2,2023-04-06
124,42,697,2,2023-01-14
125,23,70,5,2023-02-11
126,11,631,4,2022-07-27
127,9,396,2,2022-08-13
128,22,439,1,2022-09-23
129,37,713,2,2023-03-13
130,19,414,5,2023-01-19
131,31,303,2,2023-05-13
132,38,914,3,2023-01-08
133,14,36,5,2022-09-29
134,17,828,3,2022-07-06
135,41,718,1,2022-05-27
136,36,98,1,2022-10-24
137,46,972,1,2022-11-13
138,8,478,5,2022-07-01
139,26,720,5,2023-01-28
140,37,120,5,2022-06-18
141,7,423,5,2023-04-19
142,31,232,4,2023-04-23
143,21,738,3,2022-07-14
144,22,582,3,2022-12-13
145,46,608,5,2022-08-21
146,8,266,2,2022-07-23
147,15,378,2,2023-03-21
148,40,462,4,2023-04-13
149,37,644,4,2023-01-05
150,11,687,3,2022-05-30
151,11,415,4,2023-04-29
152,1,131,5,2022-12-13
153,40,259,5,2023-02-12
154,44,33,3,2022-08-01
155,10,791,5,2023-01-01
156,8,810,4,2022-11-07
157,18,672,1,2022-09-28
158,2,253,2,2022-07-27
159,10,834,1,2022-07-31
160,38,763,3,2022-10-07
161,12,933,4,2022-10-27
162,9,982,4,2023-04-11
163,12,743,1,2022-06-24
164,35,75,4,2022-06-23
165,18,593,5,2022-05-29
166,30,81,5,2023-05-06
167,4,958,4,2022-09-18
168,38,880,2,2022-10-19
169,4,561,3,2023-01-30
170,29,813,4,2023-01-10
171,26,364,2,2022-09-21
172,4,479,5,2022-06-25
173,9,33,5,2023-05-11
174,17,709,2,2023-02-02
175,5,480,4,2023-04-05
176,20,980,4,2022-09-14
177,28,836,1,2023-02-19
178,46,143,3,2023-01-22
179,4,814,5,2022-11-22
180,41,192,3,2022-07-29
181,10,59,5,2022-11-18
182,4,111,4,2023-02-25
183,23,183,1,2022-07-01
184,6,65,2,2022-08-25
185,21,954,3,2023-01-13
186,28,912,3,2022-11-19
187,37,543,2,2023-03-06
188,3,14,1,2022-10-30
189,10,676,1,2022-07-21
190,2,2,5,2022-10-26
191,29,493,4,2023-02-07
192,34,275,4,2022-09-14
193,48,855,1,2022-08-18
194,13,501,4,2022-07-06
195,18,976,3,2022-07-31
196,28,755,2,2022-07-01
197,39,960,5,2022-10-04
198,10,663,1,2023-02-07
199,17,360,3,2022-07-18
200,16,66,2,2023-03-08
201,26,137,1,2023-02-14
202,27,98,1,2023-02-28
203,49,736,4,2022-09-26
204,14,320,2,2022-10-06
205,28,727,2,2022-12-24
206,8,832,1,2023-02-17
207,13,836,1,2022-05-30
208,43,160,4,2022-11-02
209,19,873,3,2022-05-16
210,17,266,3,2022-10-10
211,7,776,2,2022-06-21
212,50,15,4,2022-10-19
213,19,828,2,2023-01-14
214,46,685,2,2022-08-18
215,13,484,2,2022-10-01
216,47,506,4,2022-05-29
217,35,26,4,2022-10-08
218,1,47,5,2023-02-04
219,19,139,3,2022-09-27
220,29,216,4,2023-01-22
221,23,520,3,2022-07-22
222,19,855,1,2022-12-28
223,12,433,5,2023-02-07
224,26,622,3,2023-02-25
225,48,804,1,2022-08-26
226,2,431,1,2022-07-05
227,18,751,5,2022-06-19
228,10,44,2,2023-05-04
229,45,755,1,2023-05-06
230,37,737,1,2022-10-02
231,25,160,4,2023-01-12
232,34,743,1,2023-02-24
233,29,208,1,2022-06-14
234,11,984,2,2022-08-11
235,22,739,4,2023-02-26
236,28,964,2,2023-02-03
237,16,116,1,2022-06-12
238,19,571,5,2022-08-02
239,21,397,5,2022-12-16
240,28,215,5,2022-08-02
241,9,263,2,2022-10-29
242,23,467,1,2023-04-17
243,37,274,1,2022-08-14
244,44,211,1,2023-01-27
245,5,596,5,2022-09-06
246,25,525,5,2022-10-08
247,24,681,1,2023-02-19
248,24,371,2,2023-04-11
249,27,144,5,2022-09-19
250,16,49,4,2023-01-11
251,24,776,1,2022-07-04
252,49,119,4,2022-11-24
253,12,521,2,2022-12-29
254,49,947,5,2023-03-25
255,1,652,1,2022-10-13
256,7,185,4,2022-11-30
257,24,359,4,2022-10-15
258,35,692,3,2022-12-27
259,9,566,2,2023-05-13
260,15,221,4,2022-09-21
261,50,589,1,2022-06-13
262,42,674,2,2022-10-18
263,43,20,4,2022-08-17
264,25,902,3,2023-04-04
265,6,935,3,2023-02-06
266,8,369,1,2022-12-20
267,11,816,2,2022-07-13
268,44,317,4,2022-07-31
269,48,434,1,2023-01-18
270,18,800,3,2022-12-21
271,36,41,4,2022-07-14
272,43,691,3,2023-01-19
273,40,382,5,2022-10-28
274,39,445,1,2022-11-18
275,47,156,3,2023-01-31
276,3,433,3,2022-11-22
277,11,765,5,2023-03-20
278,27,520,5,2022-08-06
279,36,188,3,2022-07-17
280,39,545,2,2022-11-23
281,29,301,2,2022-10-09
282,40,701,3,2022-08-06
283,35,208,5,2022-12-04
284,13,62,3,2023-05-09
285,45,843,4,2022-11-20
286,15,469,2,2022-05-16
287,41,932,4,2022-11-26
288,13,379,5,2023-04-13
289,9,380,2,2022-07-26
290,1,223,2,2022-05-24
291,7,944,1,2022-10-30
292,28,863,4,2022-06-23
293,32,280,5,2022-05-18
294,16,563,3,2022-10-28
295,45,712,4,2022-08-19
296,15,934,2,2023-02-06
297,47,773,5,2023-02-23
298,10,749,1,2023-03-02
299,34,316,5,2023-02-06
300,47,291,5,2023-01-20
301,41,537,5,2022-08-22
302,24,636,2,2023-04-16
303,6,464,4,2023-03-02
304,48,343,2,2022-09-28
305,12,203,5,2023-01-01
306,34,428,5,2022-11-03
307,14,801,3,2022-11-17
308,34,583,4,2022-11-06
309,25,978,2,2023-04-21
310,6,763,4,2023-02-22
311,41,382,4,2023-02-19
312,33,517,2,2023-04-19
313,48,232,3,2022-08-29
314,46,384,2,2022-11-25
315,49,616,1,2022-12-29
316,7,674,1,2023-01-22
317,17,857,1,2022-10-09
318,20,884,2,2022-10-10
319,19,156,4,2023-04-22
320,14,322,4,2023-02-22
321,35,947,5,2022-10-08
322,6,718,5,2022-07-14
323,46,385,4,2022-11-28
324,37,222,3,2022-06-24
325,26,945,5,2022-06-01
326,5,206,5,2022-11-05
327,46,41,2,2022-11-17
328,11,405,4,2023-04-13
329,33,556,3,2022-10-07
330,5,918,4,2022-08-13
331,13,823,5,2023-03-01
332,38,836,5,2022-12-30
333,25,72,2,2023-01-15
334,22,31,5,2022-10-04
335,40,844,5,2023-02-19
336,45,115,1,2023-05-04
337,29,922,1,2022-10-09
338,40,720,4,2022-11-28
339,17,288,4,2022-08-22
340,28,695,3,2023-04-14
341,33,728,4,2022-10-19
342,47,392,3,2023-03-05
343,16,211,1,2022-07-17
344,36,127,3,2022-07-18
345,47,50,5,2022-12-03
346,44,34,2,2022-05-31
347,13,801,2,2023-03-04
348,5,101,1,2022-05-18
349,31,529,4,2023-03-17
350,32,461,4,2022-08-21
351,11,657,1,2022-07-15
352,5,293,5,2022-10-28
353,23,589,4,2022-06-15
354,43,856,4,2022-07-18
355,41,933,3,2023-01-27
356,2,768,5,2022-09-23
357,22,418,4,2023-03-14
358,33,840,5,2022-09-04
359,38,107,3,2022-10-25
360,30,596,1,2023-01-30
361,38,65,2,2022-07-25
362,23,668,2,2023-01-07
363,44,35,3,2023-02-27
364,49,696,2,2022-10-14
365,50,501,5,2023-04-15
366,39,667,4,2022-06-09
367,42,379,2,2022-08-28
368,20,484,4,2022-11-22
369,19,879,1,2023-05-02
370,11,609,4,2022-09-03
371,41,467,1,2022-10-04
372,3,809,1,2023-01-24
373,18,302,1,2022-06-06
374,46,159,3,2022-11-27
375,17,444,3,2022-07-04
376,29,508,1,2022-06-14
377,49,167,3,2023-01-30
378,9,618,1,2023-03-28
379,43,408,4,2022-07-30
380,2,544,5,2022-08-02
381,47,777,4,2023-03-06
382,6,538,2,2022-11-13
383,49,819,4,2022-11-12
384,13,827,1,2023-04-12
385,30,5,1,2023-01-16
386,6,704,1,2022-10-12
387,21,951,2,2023-04-24
388,36,10,4,2022-11-27
389,46,453,5,2023-02-28
390,3,680,5,2023-04-20
391,34,773,5,2022-09-18
392,47,832,1,2023-05-06
393,3,799,5,2022-11-29
394,43,926,4,2022-05-21
395,31,962,3,2022-12-02
396,7,114,5,2023-04-20
397,11,484,1,2023-04-04
398,21,84,5,2022-11-18
399,32,811,3,2022-10-18
400,16,197,1,2022-07-18
401,18,589,2,2023-02-25
402,30,536,3,2022-12-10
403,22,819,1,2022-12-19
404,2,160,4,2022-07-05
405,30,355,3,2022-07-25
406,49,971,1,2022-09-09
407,31,462,4,2022-10-28
408,30,563,3,2022-12-11
409,17,965,3,2022-08-02
410,37,942,4,2023-04-06
411,4,233,3,2022-12-02
412,41,717,2,2022-05-19
413,43,202,5,2022-10-09
414,36,936,4,2022-09-11
415,27,350,5,2023-03-29
416,27,669,5,2022-10-09
417,10,262,4,2022-08-25
418,14,551,5,2022-05-24
419,46,851,1,2023-02-24
420,6,300,2,2022-11-17
421,20,785,3,2023-02-15
422,21,723,2,2023-01-06
423,35,679,2,2022-12-31
424,17,765,2,2022-11-25
425,42,645,4,2022-10-06
426,21,544,3,2022-11-23
427,4,63,4,2022-08-12
428,39,839,3,2022-09-09
429,36,478,2,2022-07-12
430,10,265,3,2022-10-21
431,14,183,5,2022-08-25
432,29,549,5,2023-04-09
433,16,814,3,2022-07-01
434,20,15,5,2022-10-16
435,6,795,5,2022-12-27
436,48,106,5,2023-03-17
437,29,914,3,2022-07-24
438,30,927,1,2022-06-22
439,5,937,1,2022-07-07
440,4,764,2,2022-08-13
441,41,694,4,2022-09-05
442,36,1,1,2023-02-17
443,13,488,5,2022-07-02
444,37,908,5,2022-09-10
445,8,296,3,2023-05-12
446,45,835,4,2022-06-21
447,39,726,5,2022-10-01
448,19,506,3,2023-05-01
449,18,481,4,2022-05-24
450,9,244,1,2022-07-26
451,26,586,2,2022-10-14
452,49,92,1,2022-09-12
453,49,612,1,2023-02-10
454,45,956,3,2022-12-18
455,19,358,3,2022-05-19
456,29,228,4,2022-09-21
457,40,538,1,2023-01-13
458,6,670,5,2022-08-13
459,22,275,4,2023-04-29
460,5,239,4,2022-07-31
461,4,767,5,2023-04-05
462,27,614,4,2022-11-29
463,24,824,2,2023-01-26
464,41,523,5,2022-11-23
465,4,346,2,2022-11-14
466,6,892,4,2023-02-04
467,3,953,2,2022-08-11
468,16,571,3,2022-09-14
469,29,43,3,2022-06-12
470,9,281,2,2022-09-22
471,44,330,2,2022-06-30
472,1,61,3,2023-03-29
473,36,82,4,2023-04-18
474,42,619,5,2023-03-23
475,8,827,2,2022-08-09
476,11,654,4,2023-04-22
477,24,983,5,2022-07-15
478,19,724,5,2022-10-12
479,5,704,5,2023-01-20
480,22,843,5,2022-06-12
481,3,761,4,2023-01-23
482,17,351,1,2023-03-26
483,28,424,2,2023-02-21
484,26,369,5,2022-06-17
485,44,564,2,2022-09-10
486,30,238,4,2022-07-11
487,49,257,1,2023-02-24
488,31,388,3,2022-11-11
489,49,35,3,2023-03-27
490,35,418,2,2022-11-16
491,35,53,5,2023-03-08
492,38,683,5,2022-07-06
493,29,196,3,2022-09-29
494,15,857,3,2022-12-16
495,38,318,3,2022-12-21
496,29,149,5,2023-03-21
497,45,746,4,2022-10-05
498,45,946,4,2023-04-11
499,3,934,1,2023-03-02
500,4,88,3,2022-11-12
501,13,596,5,2023-04-11
502,26,752,4,2022-09-08
503,44,741,3,2022-05-18
504,2,771,5,2023-01-20
505,17,854,1,2023-03-07
506,5,376,3,2023-01-07
507,22,272,2,2022-12-19
508,32,479,1,2023-03-28
509,45,548,5,2022-11-03
510,50,80,1,2023-05-07
511,31,719,2,2023-01-27
512,42,471,1,2023-02-17
513,2,868,4,2023-02-06
514,20,430,4,2022-12-09
515,18,237,5,2022-05-14
516,39,578,1,2022-08-05
517,6,455,5,2022-10-26
518,5,636,3,2023-02-11
519,49,55,4,2022-11-03
520,46,164,5,2022-06-06
521,4,594,2,2022-12-25
522,41,958,2,2022-09-03
523,23,222,1,2022-12-11
524,46,497,1,2022-06-24
525,43,688,4,2022-10-10
526,19,62,1,2022-06-15
527,31,944,2,2023-05-08
528,24,10,1,2022-06-17
529,2,308,4,2023-03-29
530,32,927,2,2022-11-12
531,3,583,3,2022-07-08
532,26,444,2,2022-09-15
533,24,398,4,2023-02-05
534,33,516,2,2023-03-02
535,10,638,1,2022-09-26
536,21,520,5,2023-01-24
537,5,825,5,2022-08-16
538,19,220,5,2022-12-20
539,50,473,2,2022-11-10
540,33,320,4,2023-02-08
541,47,893,5,2022-10-20
542,20,143,3,2023-02-04
543,40,395,2,2023-03-10
544,35,350,1,2023-02-12
545,40,740,5,2022-11-06
546,17,6,3,2023-04-30
547,20,702,2,2022-12-24
548,42,375,3,2022-10-04
549,18,332,4,2023-02-28
550,25,325,1,2023-04-18
551,25,506,1,2022-11-05
552,23,452,3,2023-01-11
553,40,857,2,2022-12-26
554,38,423,1,2022-08-19
555,12,134,2,2023-04-03
556,35,498,4,2022-05-25
557,10,705,4,2022-06-09
558,41,267,4,2023-04-05
559,19,13,2,2022-11-09
560,23,594,2,2022-12-25
561,8,666,3,2022-08-29
562,21,317,4,2022-10-10
563,37,724,3,2023-04-25
564,16,603,5,2022-10-29
565,24,707,5,2023-04-13
566,2,119,1,2022-10-02
567,50,187,3,2022-07-14
568,17,662,1,2023-02-20
569,10,584,3,2022-07-29
570,38,143,3,2023-03-20
571,19,907,1,2023-03-06
572,20,107,1,2022-07-19
573,46,252,2,2022-08-13
574,37,108,5,2023-03-17
575,15,284,5,2022-06-09
576,42,894,2,2022-08-30
577,23,468,1,2023-03-22
578,30,273,4,2022-11-10
579,49,931,2,2022-05-17
580,39,463,2,2023-05-10
581,46,719,5,2022-05-17
582,35,682,4,2023-02-08
583,5,908,4,2023-03-04
584,47,61,1,2023-02-11
585,7,929,3,2022-07-06
586,10,726,4,2022-11-26
587,39,530,4,2022-08-06
588,1,676,1,2023-03-18
589,35,199,3,2022-06-26
590,16,845,3,2022-05-19
591,39,96,3,2022-06-11
592,29,630,1,2022-11-02
593,28,742,3,2022-05-20
594,37,656,4,2022-08-04
595,24,807,3,2023-05-01
596,35,98,1,2022-06-06
597,25,164,2,2023-04-18
598,1,82,4,2023-01-10
599,50,934,1,2023-03-03
600,16,181,4,2022-10-22
601,13,902,3,2023-01-02
602,28,498,5,2022-08-14
603,30,944,3,2023-03-20
604,21,295,5,2023-03-17
605,14,460,2,2022-11-04
606,3,185,1,2022-12-27
607,29,934,3,2022-07-26
608,50,158,5,2023-01-08
609,10,899,2,2022-08-04
610,37,13,3,2023-02-27
611,31,282,5,2022-08-03
612,46,116,2,2023-03-22
613,30,989,4,2023-01-10
614,21,93,2,2023-02-27
615,20,626,2,2023-01-11
616,20,957,2,2022-11-22
617,50,4,4,2022-12-03
618,3,146,2,2022-08-10
619,18,700,4,2023-03-17
620,30,737,2,2022-09-20
621,29,565,1,2022-08-06
622,38,532,4,2022-10-23
623,31,567,3,2023-05-08
624,42,206,1,2022-08-30
625,36,544,1,2023-04-17
626,1,84,1,2022-05-29
627,23,952,1,2023-02-25
628,40,564,1,2023-04-06
629,18,822,2,2022-12-24
630,10,873,2,2022-12-04
631,15,969,2,2023-03-28
632,1,163,3,2022-06-13
633,13,868,5,2022-08-28
634,31,407,1,2022-06-26
635,24,192,1,2023-05-12
636,42,457,4,2023-01-30
637,43,161,4,2023-03-09
638,14,249,4,2022-08-30
639,14,836,3,2022-08-12
640,42,246,3,2022-06-01
641,45,99,3,2022-08-23
642,28,454,1,2023-01-15
643,19,726,3,2023-01-29
644,38,511,1,2022-09-05
645,17,326,3,2023-03-27
646,23,980,3,2022-09-12
647,40,499,3,2023-03-29
648,48,301,1,2022-12-04
649,39,351,5,2023-02-02
650,46,400,1,2023-04-29
651,24,237,5,2022-12-27
652,43,11,2,2022-10-25
653,7,668,2,2022-07-30
654,28,986,4,2022-08-11
655,32,937,3,2022-11-10
656,11,1,1,2022-06-02
657,40,55,4,2023-02-16
658,1,167,3,2022-05-28
659,8,236,3,2022-08-13
660,37,846,5,2023-04-02
661,34,419,5,2022-12-19
662,27,291,2,2022-09-20
663,50,366,3,2022-06-09
664,3,398,2,2022-06-24
665,11,739,3,2022-10-01
666,29,656,5,2023-04-12
667,46,911,2,2022-06-22
668,31,411,1,2022-08-14
669,20,160,3,2022-11-07
670,47,216,3,2022-10-23
671,48,588,4,2022-12-21
672,44,66,2,2023-03-13
673,49,269,3,2023-01-06
674,11,717,5,2022-10-07
675,33,698,5,2022-10-11
676,12,787,4,2022-06-10
677,25,890,3,2022-05-25
678,19,859,4,2023-04-04
679,13,251,1,2023-02-19
680,20,506,2,2022-11-11
681,9,445,5,2022-11-21
682,20,569,4,2023-02-25
683,39,584,2,2023-04-17
684,43,981,3,2022-07-07
685,3,673,3,2023-03-26
686,17,125,5,2022-11-24
687,13,913,1,2023-05-06
688,38,481,1,2023-03-29
689,42,793,2,2022-08-03
690,43,208,4,2022-06-19
691,36,720,5,2022-05-17
692,29,220,1,2022-07-17
693,46,892,2,2022-12-01
694,10,551,2,2023-01-31
695,2,518,3,2022-08-21
696,38,388,5,2022-05-15
697,7,208,4,2022-11-01
698,45,399,4,2022-11-28
699,24,804,2,2023-01-09
700,46,794,5,2022-08-21
701,11,325,4,2022-11-02
702,44,246,4,2023-04-02
703,45,820,3,2023-02-14
704,33,206,1,2022-07-24
705,6,820,4,2022-12-24
706,33,131,2,2022-09-30
707,12,973,1,2023-02-19
708,42,928,1,2023-01-02
709,11,382,2,2022-10-02
710,45,373,3,2022-07-16
711,42,967,2,2023-01-12
712,18,604,5,2022-12-08
713,38,223,5,2022-08-24
714,41,457,2,2022-10-27
715,39,673,5,2023-04-19
716,34,366,2,2022-10-17
717,19,669,5,2022-06-16
718,34,885,2,2022-06-11
719,19,365,1,2023-05-07
720,3,325,4,2022-09-23
721,16,672,5,2022-06-18
722,5,210,1,2023-05-11
723,28,678,1,2022-06-10
724,1,660,5,2022-09-06
725,44,172,4,2022-12-31
726,47,798,5,2023-03-29
727,2,352,4,2023-02-01
728,29,874,3,2023-01-24
729,14,243,4,2022-09-25
730,49,768,2,2023-01-05
731,4,733,3,2022-11-11
732,4,157,3,2022-11-21
733,17,635,3,2022-09-04
734,30,659,1,2023-04-07
735,13,476,1,2023-02-13
736,43,325,3,2022-11-14
737,7,319,2,2022-08-01
738,18,158,2,2022-06-06
739,29,472,3,2022-11-21
740,23,861,4,2022-10-09
741,38,802,3,2023-02-23
742,12,302,1,2023-02-15
743,27,632,5,2023-01-27
744,26,617,5,2023-03-13
745,50,969,3,2022-05-25
746,5,259,2,2022-10-31
747,37,287,3,2023-05-13
748,47,790,4,2022-07-31
749,10,162,4,2022-12-13
750,39,64,5,2023-04-09
751,25,751,2,2022-08-31
752,37,503,2,2022-11-07
753,7,621,3,2022-12-06
754,40,809,2,2023-01-19
755,25,398,4,2022-09-01
756,15,577,4,2022-08-03
757,16,412,4,2023-02-02
758,31,870,2,2022-09-13
759,7,519,2,2022-07-19
760,20,236,2,2023-01-19
761,21,472,4,2022-06-21
762,22,364,5,2022-07-29
763,5,758,5,2022-10-26
764,34,99,2,2022-07-17
765,33,427,3,2023-01-07
766,16,142,1,2023-01-08
767,46,596,2,2022-06-21
768,2,193,1,2022-11-25
769,36,453,3,2022-07-07
770,38,528,1,2022-10-09
771,48,70,4,2023-04-19
772,34,452,2,2022-07-06
773,16,440,1,2023-01-31
774,49,784,5,2022-08-13
775,23,162,2,2022-11-11
776,46,534,2,2023-01-12
777,27,464,1,2023-02-04
778,3,989,5,2022-07-27
779,41,850,4,2022-09-06
780,23,743,3,2022-12-04
781,15,529,5,2022-11-13
782,24,112,2,2022-07-01
783,50,92,5,2022-06-09
784,3,836,3,2022-05-21
785,33,936,5,2022-09-04
786,33,58,2,2023-04-01
787,7,926,2,2022-05-22
788,48,532,1,2022-11-22
789,25,805,1,2022-11-14
790,47,734,2,2023-04-11
791,48,903,1,2023-01-03
792,35,10,1,2022-09-10
793,21,251,5,2022-07-19
794,18,403,5,2023-02-10
795,35,494,1,2022-07-04
796,12,232,2,2023-03-18
797,10,8,5,2022-05-31
798,47,902,1,2022-08-07
799,30,509,3,2022-10-11
800,47,592,2,2022-06-24
801,32,507,3,2023-02-23
802,33,267,5,2023-03-25
803,13,608,5,2023-01-26
804,17,129,4,2023-03-18
805,5,925,3,2023-01-11
806,23,166,1,2023-03-24
807,16,235,1,2023-04-21
808,19,741,2,2023-01-15
809,46,540,1,2022-12-25
810,25,156,4,2022-07-05
811,9,100,2,2022-07-29
812,13,771,5,2022-08-16
813,24,250,4,2023-01-26
814,6,161,1,2022-05-28
815,8,682,5,2022-09-01
816,31,864,4,2023-04-05
817,13,83,3,2023-03-16
818,9,866,3,2022-12-22
819,43,847,2,2023-03-30
820,46,425,5,2023-05-09
821,32,206,2,2023-05-10
822,5,349,4,2023-02-15
823,27,103,4,2023-05-04
824,12,8,1,2022-10-19
825,33,277,4,2023-01-29
826,32,626,3,2022-09-12
827,13,916,5,2022-11-05
828,27,923,5,2022-10-22
829,30,269,3,2023-01-29
830,45,259,4,2022-08-27
831,18,655,3,2023-02-14
832,31,970,2,2023-02-02
833,18,40,1,2022-10-02
834,9,854,3,2022-12-07
835,42,140,1,2022-08-23
836,20,363,4,2022-11-07
837,10,913,5,2022-07-13
838,42,386,3,2022-08-01
839,30,574,3,2022-07-05
840,12,314,4,2022-12-11
841,37,442,2,2023-04-08
842,8,732,5,2022-07-17
843,49,367,2,2022-06-02
844,3,7,5,2022-10-02
845,35,856,2,2022-10-23
846,50,687,3,2022-11-30
847,12,565,4,2023-03-26
848,36,691,3,2023-01-17
849,4,850,4,2023-01-16
850,36,672,2,2022-09-21
851,5,122,1,2023-05-03
852,8,568,5,2022-08-11
853,27,881,2,2022-12-01
854,35,430,2,2022-05-29
855,31,576,1,2023-04-26
856,19,992,2,2023-01-24
857,24,907,2,2022-11-10
858,19,657,4,2022-05-23
859,21,883,2,2022-11-05
860,2,853,2,2022-12-06
861,45,109,2,2022-10-26
862,21,135,1,2023-03-30
863,38,336,3,2023-03-08
864,48,293,4,2022-10-10
865,31,334,1,2022-11-21
866,34,383,5,2022-12-05
867,36,151,4,2022-05-14
868,38,100,4,2022-09-02
869,19,700,3,2022-10-16
870,20,99,2,2023-04-19
871,1,50,2,2022-11-23
872,18,547,2,2023-04-30
873,5,487,2,2023-02-14
874,23,422,5,2022-10-13
875,11,329,5,2023-03-14
876,49,313,3,2022-12-04
877,3,933,3,2022-05-23
878,8,202,2,2023-01-15
879,26,500,5,2023-03-07
880,26,621,5,2023-01-03
881,20,149,5,2023-01-10
882,47,265,2,2022-12-20
883,7,513,1,2023-04-17
884,22,73,5,2022-12-09
885,36,625,4,2023-04-23
886,26,811,5,2022-11-19
887,4,97,3,2022-10-12
888,27,893,4,2022-12-19
889,50,140,2,2023-04-16
890,47,930,2,2023-04-10
891,2,927,2,2022-05-20
892,18,262,3,2022-11-18
893,44,282,1,2022-10-13
894,44,52,1,2023-02-26
895,19,178,1,2022-07-25
896,6,483,5,2022-05-30
897,1,215,1,2022-10-13
898,20,393,4,2022-12-10
899,16,400,3,2022-07-27
900,24,714,5,2023-03-07
901,17,475,4,2023-02-25
902,21,248,5,2023-02-15
903,50,233,3,2022-12-20
904,24,325,4,2022-07-11
905,24,495,5,2023-04-08
906,3,244,4,2023-04-30
907,36,856,5,2022-12-04
908,34,683,2,2023-02-17
909,2,860,5,2022-08-01
910,26,366,5,2022-10-22
911,24,777,2,2022-08-11
912,10,361,3,2023-02-03
913,11,748,4,2023-05-09
914,9,579,5,2022-06-08
915,20,17,2,2022-10-12
916,14,301,4,2023-02-13
917,49,486,1,2023-04-13
918,15,561,5,2023-05-08
919,45,812,3,2023-02-20
920,32,599,3,2023-03-28
921,36,107,4,2022-11-21
922,48,423,4,2022-12-31
923,3,570,2,2023-02-05
924,12,597,2,2022-07-10
925,38,632,4,2022-10-08
926,12,425,2,2022-09-09
927,42,729,2,2022-07-30
928,18,271,4,2023-05-09
929,23,258,2,2022-11-14
930,29,174,4,2022-05-19
931,1,929,4,2023-03-25
932,9,82,1,2023-01-31
933,24,908,3,2022-06-01
934,35,72,5,2022-05-29
935,48,207,4,2023-01-05
936,23,550,4,2022-08-18
937,9,301,1,2022-06-22
938,21,267,1,2022-10-29
939,35,95,3,2022-06-17
940,30,521,5,2023-03-12
941,29,119,2,2023-02-04
942,35,806,1,2022-08-06
943,3,286,5,2022-08-17
944,50,509,4,2022-11-25
945,11,264,2,2022-07-14
946,17,804,3,2022-06-30
947,2,968,5,2023-05-04
948,24,997,3,2023-02-22
949,40,452,3,2022-10-03
950,26,979,3,2023-01-16
951,10,825,1,2022-08-05
952,40,725,2,2023-05-06
953,32,689,5,2022-05-16
954,12,771,3,2022-12-14
955,15,210,3,2022-10-26
956,26,731,1,2023-03-17
957,1,305,2,2022-12-30
958,10,621,3,2023-02-17
959,1,328,1,2022-12-11
960,39,53,5,2022-07-29
961,12,827,3,2023-04-21
962,37,239,3,2022-10-13
963,8,931,1,2023-01-28
964,44,419,4,2023-04-05
965,26,978,4,2023-04-17
966,38,254,1,2022-12-02
967,6,7,1,2023-02-14
968,5,40,3,2022-07-21
969,31,330,3,2022-12-02
970,31,10,4,2022-12-06
971,17,611,1,2022-11-17
972,49,380,2,2022-08-16
973,4,146,2,2022-10-14
974,11,72,2,2022-07-29
975,1,360,3,2023-05-04
976,21,149,3,2022-11-26
977,6,574,2,2022-06-17
978,5,830,2,2023-01-01
979,38,867,3,2023-05-11
980,21,662,5,2022-05-19
981,34,967,5,2023-02-04
982,12,765,5,2022-09-28
983,20,93,4,2023-04-12
984,19,885,4,2023-04-19
985,18,862,2,2022-07-02
986,46,32,2,2022-11-16
987,12,25,1,2022-09-13
988,28,349,2,2022-07-14
989,5,698,2,2023-02-13
990,42,225,3,2022-06-06
991,47,283,1,2023-04-28
992,42,713,2,2022-06-29
993,34,958,3,2023-04-19
994,6,177,1,2022-12-26
995,6,561,2,2022-09-24
996,14,766,5,2023-04-14
997,24,682,2,2022-09-21
998,18,698,3,2023-04-22
999,18,918,1,2023-01-29
1000,26,988,4,2023-05-05